{"cameraMode":{"drawMode":0,"name":"Shaded","section":"Shading Mode"},"sceneLighting":false,"audioPlay":false,"sceneViewState":{"showFog":true,"showMaterialUpdate":true,"showSkybox":true,"showFlares":true,"showImageEffects":true,"showParticleSystems":true},"in2DMode":false,"pivot":{"x":-3.2209553718566896,"y":2.5599589347839357,"z":-3.689419746398926},"rotation":{"x":0.0007488427218049765,"y":0.9983693361282349,"z":-0.05546646565198898,"w":0.013478806242346764},"size":10.426756858825684,"orthographic":false}