{"cameraMode":{"drawMode":0,"name":"Shaded","section":"Shading Mode"},"sceneLighting":false,"audioPlay":false,"sceneViewState":{"showFog":true,"showMaterialUpdate":false,"showSkybox":true,"showFlares":true,"showImageEffects":true,"showParticleSystems":true},"in2DMode":false,"pivot":{"x":-2.395636558532715,"y":2.607177734375,"z":-1.677553415298462},"rotation":{"x":0.29715901613235476,"y":-0.6999839544296265,"z":0.4954042434692383,"w":0.41987335681915285},"size":2.8578836917877199,"orthographic":false}