{"cameraMode":{"drawMode":0,"name":"Shaded","section":"Shading Mode"},"sceneLighting":false,"audioPlay":false,"sceneViewState":{"showFog":true,"showMaterialUpdate":true,"showSkybox":true,"showFlares":true,"showImageEffects":true,"showParticleSystems":true},"in2DMode":false,"pivot":{"x":-2.479562520980835,"y":1.4708740711212159,"z":0.2699165344238281},"rotation":{"x":0.29618605971336367,"y":-0.03437511622905731,"z":0.010667319409549237,"w":0.9544515609741211},"size":5.7845001220703129,"orthographic":false}