{"cameraMode":{"drawMode":0,"name":"Shaded","section":"Shading Mode"},"sceneLighting":true,"audioPlay":false,"sceneViewState":{"showFog":true,"showMaterialUpdate":true,"showSkybox":true,"showFlares":true,"showImageEffects":true,"showParticleSystems":true},"in2DMode":false,"pivot":{"x":-1.4337158203125,"y":-4.04296875,"z":27.9296875},"rotation":{"x":0.15772977471351624,"y":-0.008887253701686859,"z":0.001419701729901135,"w":0.9874413013458252},"size":21.621376037597658,"orthographic":true}