{"cameraMode":{"drawMode":0,"name":"Shaded","section":"Shading Mode"},"sceneLighting":false,"audioPlay":false,"sceneViewState":{"showFog":true,"showMaterialUpdate":true,"showSkybox":true,"showFlares":true,"showImageEffects":true,"showParticleSystems":true},"in2DMode":false,"pivot":{"x":3.981314182281494,"y":1.382030725479126,"z":-0.23768091201782227},"rotation":{"x":-0.018599942326545717,"y":0.00449814647436142,"z":0.00008187827916117385,"w":0.9998273253440857},"size":5.743758201599121,"orthographic":false}